table_name	conname	contype	definition
agent_checkpoints	FK_5e31c210f896d539964bf99fe32	f	FOREIGN KEY ("agentId") REFERENCES agents(id) ON DELETE CASCADE
agent_checkpoints	PK_50a27cbafa6806c9b162304b5fd	p	PRIMARY KEY ("runId")
agent_execution	CHK_agent_execution_hitlStatus	c	CHECK ((("hitlStatus")::text = ANY ((ARRAY['suspended'::character varying, 'resumed'::character varying])::text[])))
agent_execution	CHK_agent_execution_status	c	CHECK (((status)::text = ANY ((ARRAY['success'::character varying, 'error'::character varying])::text[])))
agent_execution	FK_add2432fb6034cc18b6af299dce	f	FOREIGN KEY ("threadId") REFERENCES agent_execution_threads(id) ON DELETE CASCADE
agent_execution	PK_ba438acc8532addc12d1ef17049	p	PRIMARY KEY (id)
agent_execution_threads	FK_0468a9dc35597314e641d4722aa	f	FOREIGN KEY ("agentId") REFERENCES agents(id) ON DELETE CASCADE
agent_execution_threads	FK_0e2f8bf92a7a9c88b89670f701c	f	FOREIGN KEY ("projectId") REFERENCES project(id) ON DELETE CASCADE
agent_execution_threads	FK_f00b52d74fe11838e1fe086deea	f	FOREIGN KEY ("taskVersionId") REFERENCES agent_history("versionId") ON DELETE SET NULL
agent_execution_threads	PK_22373dbf6ba6929d8ac50093309	p	PRIMARY KEY (id)
agent_files	FK_aca4514cb500494b64356c2e164	f	FOREIGN KEY ("agentId") REFERENCES agents(id) ON DELETE CASCADE
agent_files	PK_692920e59217af7d124cd95106f	p	PRIMARY KEY (id)
agent_history	FK_8771675f44c58fb40e0feb9ee35	f	FOREIGN KEY ("publishedById") REFERENCES "user"(id) ON DELETE SET NULL
agent_history	FK_87cd5a8da20304b089ea2f83fec	f	FOREIGN KEY ("agentId") REFERENCES agents(id) ON DELETE CASCADE
agent_history	PK_65ffcfe7a8e112fb826311fb092	p	PRIMARY KEY ("versionId")
agents	FK_940597dfe9753375309ce6aeea0	f	FOREIGN KEY ("activeVersionId") REFERENCES agent_history("versionId") ON DELETE SET NULL
agents	FK_a30d560207c4071d98aa03c179c	f	FOREIGN KEY ("projectId") REFERENCES project(id) ON DELETE CASCADE
agents	PK_9c653f28ae19c5884d5baf6a1d9	p	PRIMARY KEY (id)
agents_memory_entries	CHK_agents_memory_entries_status	c	CHECK (((status)::text = ANY ((ARRAY['active'::character varying, 'superseded'::character varying, 'dropped'::character varying])::text[])))
agents_memory_entries	FK_0edf1226b77ddc525eae4938079	f	FOREIGN KEY ("supersededBy") REFERENCES agents_memory_entries(id)
agents_memory_entries	FK_1443a75e59adbfb796071d66393	f	FOREIGN KEY ("resourceId") REFERENCES agents_resources(id) ON DELETE CASCADE
agents_memory_entries	FK_28e981fb675e9b44ce02f0ec1dd	f	FOREIGN KEY ("agentId") REFERENCES agents(id) ON DELETE CASCADE
agents_memory_entries	PK_bfbc45dc88f66fae4e4b4a15fec	p	PRIMARY KEY (id)
agents_memory_entry_cursors	FK_069e791e428391a5569e7a96b20	f	FOREIGN KEY ("observationScopeId") REFERENCES agents_threads(id) ON DELETE CASCADE
agents_memory_entry_cursors	FK_746780fd115e5e4352457a3c617	f	FOREIGN KEY ("agentId") REFERENCES agents(id) ON DELETE CASCADE
agents_memory_entry_cursors	PK_b31a1d5c009a27f4cc5ef8f102a	p	PRIMARY KEY ("agentId", "observationScopeId")
agents_memory_entry_locks	FK_0ccf6d9ea6f44fa1c264fc2f795	f	FOREIGN KEY ("agentId") REFERENCES agents(id) ON DELETE CASCADE
agents_memory_entry_locks	FK_9594c0983cfee1c8ff49b05848b	f	FOREIGN KEY ("resourceId") REFERENCES agents_resources(id) ON DELETE CASCADE
agents_memory_entry_locks	PK_a8e0f570d04a174292bea104ae6	p	PRIMARY KEY ("agentId", "resourceId")
agents_memory_entry_sources	FK_451d387a182fa8dd8002dfc3a77	f	FOREIGN KEY ("threadId") REFERENCES agents_threads(id) ON DELETE CASCADE
agents_memory_entry_sources	FK_4706f6223313959b7437a2b48df	f	FOREIGN KEY ("memoryEntryId") REFERENCES agents_memory_entries(id) ON DELETE CASCADE
agents_memory_entry_sources	FK_c38e8a57a36b880e39a52ada2e8	f	FOREIGN KEY ("agentId") REFERENCES agents(id) ON DELETE CASCADE
agents_memory_entry_sources	FK_cb7c15d22fd068a0806aa57fc03	f	FOREIGN KEY ("observationId") REFERENCES agents_observations(id) ON DELETE CASCADE
agents_memory_entry_sources	PK_278f05e98e74baaaa93f52b4bab	p	PRIMARY KEY (id)
agents_messages	FK_0a8057a61afabd2999608ffd0d9	f	FOREIGN KEY ("threadId") REFERENCES agents_threads(id) ON DELETE CASCADE
agents_messages	PK_81020dc608dfb0af1ede386d907	p	PRIMARY KEY (id)
agents_observation_cursors	FK_64e92819f4b413661ed6e2c3c3d	f	FOREIGN KEY ("agentId") REFERENCES agents(id) ON DELETE CASCADE
agents_observation_cursors	FK_87aa187d27ea67eafd164905154	f	FOREIGN KEY ("observationScopeId") REFERENCES agents_threads(id) ON DELETE CASCADE
agents_observation_cursors	PK_eb777ac57ab872d38f8ebd19317	p	PRIMARY KEY ("agentId", "observationScopeId")
agents_observation_locks	CHK_agents_observation_locks_taskKind	c	CHECK ((("taskKind")::text = ANY ((ARRAY['observer'::character varying, 'reflector'::character varying])::text[])))
agents_observation_locks	FK_093e44ae20f2518e97d83a95433	f	FOREIGN KEY ("agentId") REFERENCES agents(id) ON DELETE CASCADE
agents_observation_locks	FK_6b55089892e447c2f82e5ec60ed	f	FOREIGN KEY ("observationScopeId") REFERENCES agents_threads(id) ON DELETE CASCADE
agents_observation_locks	PK_7e2e315162ac3d80587e15ac2c3	p	PRIMARY KEY ("agentId", "observationScopeId", "taskKind")
agents_observations	CHK_agents_observations_marker	c	CHECK (((marker)::text = ANY ((ARRAY['critical'::character varying, 'important'::character varying, 'info'::character varying, 'completion'::character varying])::text[])))
agents_observations	CHK_agents_observations_status	c	CHECK (((status)::text = ANY ((ARRAY['active'::character varying, 'superseded'::character varying, 'dropped'::character varying])::text[])))
agents_observations	FK_127ee1078ffa952bb37b511efad	f	FOREIGN KEY ("supersededBy") REFERENCES agents_observations(id)
agents_observations	FK_4cfd8a70ebb0a5b0cf047dca3cf	f	FOREIGN KEY ("observationScopeId") REFERENCES agents_threads(id) ON DELETE CASCADE
agents_observations	FK_501e2d1701a10e24fb69ab5fc5f	f	FOREIGN KEY ("parentId") REFERENCES agents_observations(id)
agents_observations	FK_d206432be97b7ed88d187479b1b	f	FOREIGN KEY ("agentId") REFERENCES agents(id) ON DELETE CASCADE
agents_observations	PK_9ad319654d12c2649f7caf27135	p	PRIMARY KEY (id)
agents_resources	PK_fa6b20b2d31a9991529dbf8ef7d	p	PRIMARY KEY (id)
agents_threads	PK_4a3feb0a13ffe315c009cce64e5	p	PRIMARY KEY (id)
agent_task_definition	FK_f45d0535a2ed59b6c2dd6da98a0	f	FOREIGN KEY ("agentId") REFERENCES agents(id) ON DELETE CASCADE
agent_task_definition	PK_1756c11c637903e97629a7a784a	p	PRIMARY KEY (id)
agent_task_run_lock	FK_b57a2862ae869aab24e54cefd48	f	FOREIGN KEY ("agentId") REFERENCES agents(id) ON DELETE CASCADE
agent_task_run_lock	PK_f593adaf7230e964d3c25deda64	p	PRIMARY KEY ("agentId", "taskId")
agent_task_snapshot	FK_1acedce6690392ef1611cca8b88	f	FOREIGN KEY ("versionId") REFERENCES agent_history("versionId") ON DELETE CASCADE
agent_task_snapshot	PK_2142a8bcda2360c3c5e34f82640	p	PRIMARY KEY ("versionId", "taskId")
ai_builder_temporary_workflow	FK_39b07732e819fb561d74c38763f	f	FOREIGN KEY ("threadId") REFERENCES instance_ai_threads(id) ON DELETE CASCADE
ai_builder_temporary_workflow	FK_85a87a1ba0f61999fe11dc56325	f	FOREIGN KEY ("workflowId") REFERENCES workflow_entity(id) ON DELETE CASCADE
ai_builder_temporary_workflow	PK_85a87a1ba0f61999fe11dc56325	p	PRIMARY KEY ("workflowId")
annotation_tag_entity	PK_69dfa041592c30bbc0d4b84aa00	p	PRIMARY KEY (id)
auth_identity	auth_identity_pkey	p	PRIMARY KEY ("providerId", "providerType")
auth_identity	auth_identity_userId_fkey	f	FOREIGN KEY ("userId") REFERENCES "user"(id)
auth_provider_sync_history	auth_provider_sync_history_pkey	p	PRIMARY KEY (id)
binary_data	CHK_binary_data_sourceType	c	CHECK ((("sourceType")::text = ANY ((ARRAY['execution'::character varying, 'chat_message_attachment'::character varying, 'agent_file'::character varying])::text[])))
binary_data	PK_fc3691585b39408bb0551122af6	p	PRIMARY KEY ("fileId")
channel_conversation_logs	channel_conversation_logs_conversation_id_external_event_id_key	u	UNIQUE (conversation_id, external_event_id)
channel_conversation_logs	channel_conversation_logs_pkey	p	PRIMARY KEY (id)
chat_hub_agents	FK_441ba2caba11e077ce3fbfa2cd8	f	FOREIGN KEY ("ownerId") REFERENCES "user"(id) ON DELETE CASCADE
chat_hub_agents	FK_9c61ad497dcbae499c96a6a78ba	f	FOREIGN KEY ("credentialId") REFERENCES credentials_entity(id) ON DELETE SET NULL
chat_hub_agents	PK_f39a3b36bbdf0e2979ddb21cf78	p	PRIMARY KEY (id)
chat_hub_agent_tools	FK_2b53d796b3dbae91b1a9553c048	f	FOREIGN KEY ("agentId") REFERENCES chat_hub_agents(id) ON DELETE CASCADE
chat_hub_agent_tools	FK_43e70f04c53344f82483d0570f6	f	FOREIGN KEY ("toolId") REFERENCES chat_hub_tools(id) ON DELETE CASCADE
chat_hub_agent_tools	PK_cc8806fdea48297a7d497035d72	p	PRIMARY KEY ("agentId", "toolId")
chat_hub_messages	FK_1f4998c8a7dec9e00a9ab15550e	f	FOREIGN KEY ("revisionOfMessageId") REFERENCES chat_hub_messages(id) ON DELETE CASCADE
chat_hub_messages	FK_25c9736e7f769f3a005eef4b372	f	FOREIGN KEY ("retryOfMessageId") REFERENCES chat_hub_messages(id) ON DELETE CASCADE
chat_hub_messages	FK_6afb260449dd7a9b85355d4e0c9	f	FOREIGN KEY ("executionId") REFERENCES execution_entity(id) ON DELETE SET NULL
chat_hub_messages	FK_acf8926098f063cdbbad8497fd1	f	FOREIGN KEY ("workflowId") REFERENCES workflow_entity(id) ON DELETE SET NULL
chat_hub_messages	FK_chat_hub_messages_agentId	f	FOREIGN KEY ("agentId") REFERENCES chat_hub_agents(id) ON DELETE SET NULL
chat_hub_messages	FK_e22538eb50a71a17954cd7e076c	f	FOREIGN KEY ("sessionId") REFERENCES chat_hub_sessions(id) ON DELETE CASCADE
chat_hub_messages	FK_e5d1fa722c5a8d38ac204746662	f	FOREIGN KEY ("previousMessageId") REFERENCES chat_hub_messages(id) ON DELETE CASCADE
chat_hub_messages	PK_7704a5add6baed43eef835f0bfb	p	PRIMARY KEY (id)
chat_hub_sessions	CHK_chat_hub_sessions_type	c	CHECK (((type)::text = ANY ((ARRAY['production'::character varying, 'manual'::character varying])::text[])))
chat_hub_sessions	FK_7bc13b4c7e6afbfaf9be326c189	f	FOREIGN KEY ("credentialId") REFERENCES credentials_entity(id) ON DELETE SET NULL
chat_hub_sessions	FK_9f9293d9f552496c40e0d1a8f80	f	FOREIGN KEY ("workflowId") REFERENCES workflow_entity(id) ON DELETE SET NULL
chat_hub_sessions	FK_chat_hub_sessions_agentId	f	FOREIGN KEY ("agentId") REFERENCES chat_hub_agents(id) ON DELETE SET NULL
chat_hub_sessions	FK_e9ecf8ede7d989fcd18790fe36a	f	FOREIGN KEY ("ownerId") REFERENCES "user"(id) ON DELETE CASCADE
chat_hub_sessions	PK_1eafef1273c70e4464fec703412	p	PRIMARY KEY (id)
chat_hub_session_tools	FK_6596a328affd8d4967ffb303eee	f	FOREIGN KEY ("toolId") REFERENCES chat_hub_tools(id) ON DELETE CASCADE
chat_hub_session_tools	FK_e649bf1295f4ed8d4299ed290f9	f	FOREIGN KEY ("sessionId") REFERENCES chat_hub_sessions(id) ON DELETE CASCADE
chat_hub_session_tools	PK_87aea76ff4c274c4a5ac838ebe3	p	PRIMARY KEY ("sessionId", "toolId")
chat_hub_tools	FK_b8030b47af9213f1fd15450fb7f	f	FOREIGN KEY ("ownerId") REFERENCES "user"(id) ON DELETE CASCADE
chat_hub_tools	PK_696d26426c704fba79b2c195ef5	p	PRIMARY KEY (id)
client_notifications	client_notifications_client_id_fkey	f	FOREIGN KEY (client_id) REFERENCES clients(id) ON DELETE SET NULL
client_notifications	client_notifications_pkey	p	PRIMARY KEY (id)
client_notifications	client_notifications_reservation_id_fkey	f	FOREIGN KEY (reservation_id) REFERENCES reservations(id) ON DELETE CASCADE
client_notifications	client_notifications_restaurant_id_fkey	f	FOREIGN KEY (restaurant_id) REFERENCES restaurants(id) ON DELETE CASCADE
clients	clients_pkey	p	PRIMARY KEY (id)
clients	clients_restaurant_id_fkey	f	FOREIGN KEY (restaurant_id) REFERENCES restaurants(id) ON DELETE CASCADE
clients	clients_unique_channel	u	UNIQUE (restaurant_id, channel_type, channel_value)
conversation_states	conversation_states_pkey	p	PRIMARY KEY (id)
conversation_states	conversation_states_restaurant_id_fkey	f	FOREIGN KEY (restaurant_id) REFERENCES restaurants(id) ON DELETE CASCADE
conversation_states	conversation_states_unique_conversation	u	UNIQUE (restaurant_id, conversation_id, channel_type)
credential_dependency	FK_5ec8e8c8d3539f3696cf73b43bf	f	FOREIGN KEY ("credentialId") REFERENCES credentials_entity(id) ON DELETE CASCADE
credential_dependency	PK_80212729ed0ffa0709417ab28f4	p	PRIMARY KEY (id)
credentials_entity	credentials_entity_pkey	p	PRIMARY KEY (id)
credentials_entity	credentials_entity_resolverId_foreign	f	FOREIGN KEY ("resolverId") REFERENCES dynamic_credential_resolver(id) ON DELETE SET NULL
data_table	FK_c2a794257dee48af7c9abf681de	f	FOREIGN KEY ("projectId") REFERENCES project(id) ON DELETE CASCADE
data_table	PK_e226d0001b9e6097cbfe70617cb	p	PRIMARY KEY (id)
data_table	UQ_b23096ef747281ac944d28e8b0d	u	UNIQUE ("projectId", name)
data_table_column	FK_930b6e8faaf88294cef23484160	f	FOREIGN KEY ("dataTableId") REFERENCES data_table(id) ON DELETE CASCADE
data_table_column	PK_673cb121ee4a8a5e27850c72c51	p	PRIMARY KEY (id)
data_table_column	UQ_8082ec4890f892f0bc77473a123	u	UNIQUE ("dataTableId", name)
deployment_key	PK_94bb7aeb5def5a0284a5fe9f9a0	p	PRIMARY KEY (id)
dynamic_credential_entry	FK_a6d1dd080958304a47a02952aab	f	FOREIGN KEY (credential_id) REFERENCES credentials_entity(id) ON DELETE CASCADE
dynamic_credential_entry	FK_d61a12235d268a49af6a3c09c13	f	FOREIGN KEY (resolver_id) REFERENCES dynamic_credential_resolver(id) ON DELETE CASCADE
dynamic_credential_entry	PK_5135ffcabecad4727ff6b9b803d	p	PRIMARY KEY (credential_id, subject_id, resolver_id)
dynamic_credential_resolver	PK_b76cfb088dcdaf5275e9980bb64	p	PRIMARY KEY (id)
dynamic_credential_user_entry	FK_6edec973a6450990977bb854c38	f	FOREIGN KEY ("resolverId") REFERENCES dynamic_credential_resolver(id) ON DELETE CASCADE
dynamic_credential_user_entry	FK_945ba70b342a066d1306b12ccd2	f	FOREIGN KEY ("credentialId") REFERENCES credentials_entity(id) ON DELETE CASCADE
dynamic_credential_user_entry	FK_a36dc616fabc3f736bb82410a22	f	FOREIGN KEY ("userId") REFERENCES "user"(id) ON DELETE CASCADE
dynamic_credential_user_entry	PK_74f548e633abc66dc27c8f0ca77	p	PRIMARY KEY ("credentialId", "userId", "resolverId")
evaluation_collection	FK_a48ce930c3bc7604894b8f0eaad	f	FOREIGN KEY ("workflowId") REFERENCES workflow_entity(id) ON DELETE CASCADE
evaluation_collection	FK_d634a0c93fd7de68a87eab951b2	f	FOREIGN KEY ("evaluationConfigId") REFERENCES evaluation_config(id) ON DELETE CASCADE
evaluation_collection	FK_f4561f38b5a22a4f090d5cd3eae	f	FOREIGN KEY ("createdById") REFERENCES "user"(id) ON DELETE SET NULL
evaluation_collection	PK_e720b6efc1e45b878ebb0b2ca30	p	PRIMARY KEY (id)
evaluation_config	FK_fd7542bb123074760285dc1bbf3	f	FOREIGN KEY ("workflowId") REFERENCES workflow_entity(id) ON DELETE CASCADE
evaluation_config	PK_59c14dccf8989df94070c2dcfda	p	PRIMARY KEY (id)
evaluation_config	UQ_3c3c99a712e971835c52292e44c	u	UNIQUE ("workflowId", name)
event_destinations	event_destinations_pkey	p	PRIMARY KEY (id)
execution_annotations	FK_97f863fa83c4786f19565084960	f	FOREIGN KEY ("executionId") REFERENCES execution_entity(id) ON DELETE CASCADE
execution_annotations	PK_7afcf93ffa20c4252869a7c6a23	p	PRIMARY KEY (id)
execution_annotation_tags	FK_a3697779b366e131b2bbdae2976	f	FOREIGN KEY ("tagId") REFERENCES annotation_tag_entity(id) ON DELETE CASCADE
execution_annotation_tags	FK_c1519757391996eb06064f0e7c8	f	FOREIGN KEY ("annotationId") REFERENCES execution_annotations(id) ON DELETE CASCADE
execution_annotation_tags	PK_979ec03d31294cca484be65d11f	p	PRIMARY KEY ("annotationId", "tagId")
execution_data	execution_data_fk	f	FOREIGN KEY ("executionId") REFERENCES execution_entity(id) ON DELETE CASCADE
execution_data	execution_data_pkey	p	PRIMARY KEY ("executionId")
execution_entity	execution_entity_storedAt_check	c	CHECK ((("storedAt")::text = ANY ((ARRAY['db'::character varying, 'fs'::character varying, 's3'::character varying])::text[])))
execution_entity	fk_execution_entity_workflow_id	f	FOREIGN KEY ("workflowId") REFERENCES workflow_entity(id) ON DELETE CASCADE
execution_entity	pk_e3e63bbf986767844bbe1166d4e	p	PRIMARY KEY (id)
execution_metadata	FK_31d0b4c93fb85ced26f6005cda3	f	FOREIGN KEY ("executionId") REFERENCES execution_entity(id) ON DELETE CASCADE
execution_metadata	PK_17a0b6284f8d626aae88e1c16e4	p	PRIMARY KEY (id)
folder	FK_804ea52f6729e3940498bd54d78	f	FOREIGN KEY ("parentFolderId") REFERENCES folder(id) ON DELETE CASCADE
folder	FK_a8260b0b36939c6247f385b8221	f	FOREIGN KEY ("projectId") REFERENCES project(id) ON DELETE CASCADE
folder	PK_6278a41a706740c94c02e288df8	p	PRIMARY KEY (id)
folder_tag	FK_94a60854e06f2897b2e0d39edba	f	FOREIGN KEY ("folderId") REFERENCES folder(id) ON DELETE CASCADE
folder_tag	FK_dc88164176283de80af47621746	f	FOREIGN KEY ("tagId") REFERENCES tag_entity(id) ON DELETE CASCADE
folder_tag	PK_27e4e00852f6b06a925a4d83a3e	p	PRIMARY KEY ("folderId", "tagId")
insights_by_period	FK_6414cfed98daabbfdd61a1cfbc0	f	FOREIGN KEY ("metaId") REFERENCES insights_metadata("metaId") ON DELETE CASCADE
insights_by_period	PK_b606942249b90cc39b0265f0575	p	PRIMARY KEY (id)
insights_metadata	FK_1d8ab99d5861c9388d2dc1cf733	f	FOREIGN KEY ("workflowId") REFERENCES workflow_entity(id) ON DELETE SET NULL
insights_metadata	FK_2375a1eda085adb16b24615b69c	f	FOREIGN KEY ("projectId") REFERENCES project(id) ON DELETE SET NULL
insights_metadata	PK_f448a94c35218b6208ce20cf5a1	p	PRIMARY KEY ("metaId")
insights_raw	FK_6e2e33741adef2a7c5d66befa4e	f	FOREIGN KEY ("metaId") REFERENCES insights_metadata("metaId") ON DELETE CASCADE
insights_raw	PK_ec15125755151e3a7e00e00014f	p	PRIMARY KEY (id)
installed_nodes	FK_73f857fc5dce682cef8a99c11dbddbc969618951	f	FOREIGN KEY (package) REFERENCES installed_packages("packageName") ON UPDATE CASCADE ON DELETE CASCADE
installed_nodes	PK_8ebd28194e4f792f96b5933423fc439df97d9689	p	PRIMARY KEY (name)
installed_packages	PK_08cc9197c39b028c1e9beca225940576fd1a5804	p	PRIMARY KEY ("packageName")
instance_ai_checkpoints	FK_2b23f3f24a70bebb990203b011e	f	FOREIGN KEY ("threadId") REFERENCES instance_ai_threads(id) ON DELETE CASCADE
instance_ai_checkpoints	PK_5315a45f0846d1f9d128c18a2ed	p	PRIMARY KEY (key)
instance_ai_checkpoints	instance_ai_checkpoints_state_tombstone_check	c	CHECK (((("expiredAt" IS NOT NULL) AND (state IS NULL)) OR ("expiredAt" IS NULL)))
instance_ai_iteration_logs	FK_8bfcc6c51fd3d69b1eae8aebd49	f	FOREIGN KEY ("threadId") REFERENCES instance_ai_threads(id) ON DELETE CASCADE
instance_ai_iteration_logs	PK_21c2b214b44bc6c34a6d3551c90	p	PRIMARY KEY (id)
instance_ai_messages	FK_1eeb64cb9d66a927988de759e6e	f	FOREIGN KEY ("threadId") REFERENCES instance_ai_threads(id) ON DELETE CASCADE
instance_ai_messages	PK_156c6f287225e9befe0181bb02b	p	PRIMARY KEY (id)
instance_ai_observational_memory	FK_34018c303885cd37093458e6409	f	FOREIGN KEY ("threadId") REFERENCES instance_ai_threads(id) ON DELETE SET NULL
instance_ai_observational_memory	PK_7192dd00cddba039bf1d3e6a098	p	PRIMARY KEY (id)
instance_ai_observation_cursors	FK_5b6319b2e9a37c1064a72428f9a	f	FOREIGN KEY ("observationScopeId") REFERENCES instance_ai_threads(id) ON DELETE CASCADE
instance_ai_observation_cursors	PK_5b6319b2e9a37c1064a72428f9a	p	PRIMARY KEY ("observationScopeId")
instance_ai_observation_locks	CHK_instance_ai_observation_locks_taskKind	c	CHECK ((("taskKind")::text = ANY ((ARRAY['observer'::character varying, 'reflector'::character varying])::text[])))
instance_ai_observation_locks	FK_103e2e5f454860b28ea05a82c74	f	FOREIGN KEY ("observationScopeId") REFERENCES instance_ai_threads(id) ON DELETE CASCADE
instance_ai_observation_locks	PK_fc491dd378b9448655c3c683f85	p	PRIMARY KEY ("observationScopeId", "taskKind")
instance_ai_observations	CHK_instance_ai_observations_marker	c	CHECK (((marker)::text = ANY ((ARRAY['critical'::character varying, 'important'::character varying, 'info'::character varying, 'completion'::character varying])::text[])))
instance_ai_observations	CHK_instance_ai_observations_status	c	CHECK (((status)::text = ANY ((ARRAY['active'::character varying, 'superseded'::character varying, 'dropped'::character varying])::text[])))
instance_ai_observations	FK_a80e0ee839a2f10ba4b86e19998	f	FOREIGN KEY ("supersededBy") REFERENCES instance_ai_observations(id)
instance_ai_observations	FK_d54fc84a6c8ac91b5e0db0378a4	f	FOREIGN KEY ("observationScopeId") REFERENCES instance_ai_threads(id) ON DELETE CASCADE
instance_ai_observations	FK_daef2195a4a846eb70eed15e039	f	FOREIGN KEY ("parentId") REFERENCES instance_ai_observations(id)
instance_ai_observations	PK_4d9b514cdf0f0b577650caf2ac2	p	PRIMARY KEY (id)
instance_ai_pending_confirmations	CHK_instance_ai_pending_confirmations_kind	c	CHECK (((kind)::text = ANY ((ARRAY['suspended'::character varying, 'inline'::character varying])::text[])))
instance_ai_pending_confirmations	FK_0babdf6e3b897a86fe4678355eb	f	FOREIGN KEY ("checkpointKey") REFERENCES instance_ai_checkpoints(key) ON DELETE CASCADE
instance_ai_pending_confirmations	FK_ba67ee8dc311830a2eea89b6e96	f	FOREIGN KEY ("threadId") REFERENCES instance_ai_threads(id) ON DELETE CASCADE
instance_ai_pending_confirmations	FK_df5fd25c8bbfd2b042602600d8e	f	FOREIGN KEY ("userId") REFERENCES "user"(id) ON DELETE CASCADE
instance_ai_pending_confirmations	PK_25c38179c8d45095b168adfff80	p	PRIMARY KEY ("requestId")
instance_ai_resources	PK_45b5b0b6f715dae4292b86603d8	p	PRIMARY KEY (id)
instance_ai_run_snapshots	FK_2f63fa21d09d7918f347ddbdf70	f	FOREIGN KEY ("threadId") REFERENCES instance_ai_threads(id) ON DELETE CASCADE
instance_ai_run_snapshots	PK_0a5fc9690a84950ebf1416fb146	p	PRIMARY KEY ("threadId", "runId")
instance_ai_threads	PK_35575100e45cdedeb89ae0643e9	p	PRIMARY KEY (id)
instance_ai_workflow_snapshots	PK_93f2696eb321dfe1d7defe7073f	p	PRIMARY KEY ("runId", "workflowName")
instance_version_history	PK_874f58cb616935bf49d9dbd67e9	p	PRIMARY KEY (id)
invalid_auth_token	PK_5779069b7235b256d91f7af1a15	p	PRIMARY KEY (token)
mcp_registry_server	CHK_tmp_mcp_registry_server_status	c	CHECK (((status)::text = ANY ((ARRAY['active'::character varying, 'deprecated'::character varying])::text[])))
mcp_registry_server	PK_12fd89a1fb8489513b0a91f5d31	p	PRIMARY KEY (slug)
migrations	PK_8c82d7f526340ab734260ea46be	p	PRIMARY KEY (id)
oauth_access_tokens	FK_7234a36d8e49a1fa85095328845	f	FOREIGN KEY ("userId") REFERENCES "user"(id) ON DELETE CASCADE
oauth_access_tokens	FK_78b26968132b7e5e45b75876481	f	FOREIGN KEY ("clientId") REFERENCES oauth_clients(id) ON DELETE CASCADE
oauth_access_tokens	PK_dcd71f96a5d5f4bf79e67d322bf	p	PRIMARY KEY (token)
oauth_authorization_codes	FK_64d965bd072ea24fb6da55468cd	f	FOREIGN KEY ("clientId") REFERENCES oauth_clients(id) ON DELETE CASCADE
oauth_authorization_codes	FK_aa8d3560484944c19bdf79ffa16	f	FOREIGN KEY ("userId") REFERENCES "user"(id) ON DELETE CASCADE
oauth_authorization_codes	PK_fb91ab932cfbd694061501cc20f	p	PRIMARY KEY (code)
oauth_clients	PK_c4759172d3431bae6f04e678e0d	p	PRIMARY KEY (id)
oauth_refresh_tokens	FK_a699f3ed9fd0c1b19bc2608ac53	f	FOREIGN KEY ("userId") REFERENCES "user"(id) ON DELETE CASCADE
oauth_refresh_tokens	FK_b388696ce4d8be7ffbe8d3e4b69	f	FOREIGN KEY ("clientId") REFERENCES oauth_clients(id) ON DELETE CASCADE
oauth_refresh_tokens	PK_74abaed0b30711b6532598b0392	p	PRIMARY KEY (token)
oauth_user_consents	FK_21e6c3c2d78a097478fae6aaefa	f	FOREIGN KEY ("userId") REFERENCES "user"(id) ON DELETE CASCADE
oauth_user_consents	FK_a651acea2f6c97f8c4514935486	f	FOREIGN KEY ("clientId") REFERENCES oauth_clients(id) ON DELETE CASCADE
oauth_user_consents	PK_85b9ada746802c8993103470f05	p	PRIMARY KEY (id)
oauth_user_consents	UQ_083721d99ce8db4033e2958ebb4	u	UNIQUE ("userId", "clientId")
outbound_messages	outbound_messages_pkey	p	PRIMARY KEY (id)
processed_data	FK_06a69a7032c97a763c2c7599464	f	FOREIGN KEY ("workflowId") REFERENCES workflow_entity(id) ON DELETE CASCADE
processed_data	PK_ca04b9d8dc72de268fe07a65773	p	PRIMARY KEY ("workflowId", context)
project	PK_4d68b1358bb5b766d3e78f32f57	p	PRIMARY KEY (id)
project	projects_creatorId_foreign	f	FOREIGN KEY ("creatorId") REFERENCES "user"(id) ON DELETE SET NULL
project_relation	FK_5f0643f6717905a05164090dde7	f	FOREIGN KEY ("userId") REFERENCES "user"(id) ON DELETE CASCADE
project_relation	FK_61448d56d61802b5dfde5cdb002	f	FOREIGN KEY ("projectId") REFERENCES project(id) ON DELETE CASCADE
project_relation	FK_c6b99592dc96b0d836d7a21db91	f	FOREIGN KEY (role) REFERENCES role(slug)
project_relation	PK_1caaa312a5d7184a003be0f0cb6	p	PRIMARY KEY ("projectId", "userId")
project_secrets_provider_access	CHK_project_secrets_provider_access_role	c	CHECK (((role)::text = ANY ((ARRAY['secretsProviderConnection:owner'::character varying, 'secretsProviderConnection:user'::character varying])::text[])))
project_secrets_provider_access	FK_18e5c27d2524b1638b292904e48	f	FOREIGN KEY ("secretsProviderConnectionId") REFERENCES secrets_provider_connection(id) ON DELETE CASCADE
project_secrets_provider_access	FK_bd264b81209355b543878deedb1	f	FOREIGN KEY ("projectId") REFERENCES project(id) ON DELETE CASCADE
project_secrets_provider_access	PK_0402b7fcec5415246656f102f83	p	PRIMARY KEY ("secretsProviderConnectionId", "projectId")
reservations	reservations_client_id_fkey	f	FOREIGN KEY (client_id) REFERENCES clients(id) ON DELETE SET NULL
reservations	reservations_pkey	p	PRIMARY KEY (id)
reservations	reservations_restaurant_id_fkey	f	FOREIGN KEY (restaurant_id) REFERENCES restaurants(id) ON DELETE CASCADE
restaurant_channels	restaurant_channels_pkey	p	PRIMARY KEY (id)
restaurant_channels	restaurant_channels_restaurant_id_fkey	f	FOREIGN KEY (restaurant_id) REFERENCES restaurants(id) ON DELETE CASCADE
restaurant_channels	restaurant_channels_unique_channel	u	UNIQUE (restaurant_id, channel_type, channel_value)
restaurant_closures	restaurant_closures_pkey	p	PRIMARY KEY (id)
restaurant_closures	restaurant_closures_restaurant_id_fkey	f	FOREIGN KEY (restaurant_id) REFERENCES restaurants(id) ON DELETE CASCADE
restaurants	restaurants_pkey	p	PRIMARY KEY (id)
restaurants	restaurants_slug_key	u	UNIQUE (slug)
restaurant_settings	restaurant_settings_pkey	p	PRIMARY KEY (id)
restaurant_settings	restaurant_settings_restaurant_id_fkey	f	FOREIGN KEY (restaurant_id) REFERENCES restaurants(id) ON DELETE CASCADE
restaurant_settings	restaurant_settings_unique_restaurant	u	UNIQUE (restaurant_id)
role	PK_35c9b140caaf6da09cfabb0d675	p	PRIMARY KEY (slug)
role_mapping_rule	FK_bb66e404c35996b0d6946177501	f	FOREIGN KEY (role) REFERENCES role(slug) ON UPDATE CASCADE ON DELETE CASCADE
role_mapping_rule	PK_d772c8ec1a89b52d31c882bc560	p	PRIMARY KEY (id)
role_mapping_rule	UQ_b33ac896ad3099fc8de36fdc1c4	u	UNIQUE (type, "order")
role_mapping_rule_project	FK_35a78869286c65d9330d02b88f5	f	FOREIGN KEY ("projectId") REFERENCES project(id) ON DELETE CASCADE
role_mapping_rule_project	FK_dd7ce4dfa09e95b36a626bd9de3	f	FOREIGN KEY ("roleMappingRuleId") REFERENCES role_mapping_rule(id) ON DELETE CASCADE
role_mapping_rule_project	PK_198c5b5aea509d139274efcaf9a	p	PRIMARY KEY ("roleMappingRuleId", "projectId")
role_scope	FK_role	f	FOREIGN KEY ("roleSlug") REFERENCES role(slug) ON UPDATE CASCADE ON DELETE CASCADE
role_scope	FK_scope	f	FOREIGN KEY ("scopeSlug") REFERENCES scope(slug) ON UPDATE CASCADE ON DELETE CASCADE
role_scope	PK_role_scope	p	PRIMARY KEY ("roleSlug", "scopeSlug")
scope	PK_bfc45df0481abd7f355d6187da1	p	PRIMARY KEY (slug)
secrets_provider_connection	PK_4350ae85e76f9ba7df1370acb5d	p	PRIMARY KEY (id)
settings	PK_dc0fe14e6d9943f268e7b119f69ab8bd	p	PRIMARY KEY (key)
shared_credentials	FK_416f66fc846c7c442970c094ccf	f	FOREIGN KEY ("credentialsId") REFERENCES credentials_entity(id) ON DELETE CASCADE
shared_credentials	FK_812c2852270da1247756e77f5a4	f	FOREIGN KEY ("projectId") REFERENCES project(id) ON DELETE CASCADE
shared_credentials	PK_8ef3a59796a228913f251779cff	p	PRIMARY KEY ("credentialsId", "projectId")
shared_workflow	FK_a45ea5f27bcfdc21af9b4188560	f	FOREIGN KEY ("projectId") REFERENCES project(id) ON DELETE CASCADE
shared_workflow	FK_daa206a04983d47d0a9c34649ce	f	FOREIGN KEY ("workflowId") REFERENCES workflow_entity(id) ON DELETE CASCADE
shared_workflow	PK_5ba87620386b847201c9531c58f	p	PRIMARY KEY ("workflowId", "projectId")
tag_entity	tag_entity_pkey	p	PRIMARY KEY (id)
test_case_execution	FK_8e4b4774db42f1e6dda3452b2af	f	FOREIGN KEY ("testRunId") REFERENCES test_run(id) ON DELETE CASCADE
test_case_execution	FK_e48965fac35d0f5b9e7f51d8c44	f	FOREIGN KEY ("executionId") REFERENCES execution_entity(id) ON DELETE SET NULL
test_case_execution	PK_90c121f77a78a6580e94b794bce	p	PRIMARY KEY (id)
test_run	FK_d6870d3b6e4c185d33926f423c8	f	FOREIGN KEY ("workflowId") REFERENCES workflow_entity(id) ON DELETE CASCADE
test_run	FK_test_run_collection_id	f	FOREIGN KEY ("collectionId") REFERENCES evaluation_collection(id) ON DELETE SET NULL
test_run	FK_test_run_evaluation_config_id	f	FOREIGN KEY ("evaluationConfigId") REFERENCES evaluation_config(id) ON DELETE SET NULL
test_run	PK_011c050f566e9db509a0fadb9b9	p	PRIMARY KEY (id)
token_exchange_jti	PK_d8e8a6f737d530fdd2dd716e89c	p	PRIMARY KEY (jti)
trusted_key	FK_8c2938d746943dd8f608d23c891	f	FOREIGN KEY ("sourceId") REFERENCES trusted_key_source(id) ON DELETE CASCADE
trusted_key	PK_dc7d93798f3dbb6959f974c97e1	p	PRIMARY KEY ("sourceId", kid)
trusted_key_source	PK_99e8908ce2c2cdccce487db7fc6	p	PRIMARY KEY (id)
"user"	FK_eaea92ee7bfb9c1b6cd01505d56	f	FOREIGN KEY ("roleSlug") REFERENCES role(slug)
"user"	PK_ea8f538c94b6e352418254ed6474a81f	p	PRIMARY KEY (id)
"user"	UQ_e12875dfb3b1d92d7d7c5377e2	u	UNIQUE (email)
user_api_keys	FK_e131705cbbc8fb589889b02d457	f	FOREIGN KEY ("userId") REFERENCES "user"(id) ON DELETE CASCADE
user_api_keys	PK_978fa5caa3468f463dac9d92e69	p	PRIMARY KEY (id)
user_favorites	FK_1dd5c393ad0517be3c31a7af836	f	FOREIGN KEY ("userId") REFERENCES "user"(id) ON DELETE CASCADE
user_favorites	PK_6c472a19a7423cfbbf6b7c75939	p	PRIMARY KEY (id)
user_favorites	UQ_cf6ae658ead9ffc124723413c65	u	UNIQUE ("userId", "resourceId", "resourceType")
variables	FK_42f6c766f9f9d2edcc15bdd6e9b	f	FOREIGN KEY ("projectId") REFERENCES project(id) ON DELETE CASCADE
variables	variables_pkey	p	PRIMARY KEY (id)
variables	variables_value_max_len	c	CHECK (((value IS NULL) OR (char_length(value) <= 1000)))
webhook_entity	PK_b21ace2e13596ccd87dc9bf4ea6	p	PRIMARY KEY ("webhookPath", method)
webhook_entity	fk_webhook_entity_workflow_id	f	FOREIGN KEY ("workflowId") REFERENCES workflow_entity(id) ON DELETE CASCADE
workflow_builder_session	FK_00290cdeee4d4d7db84709be936	f	FOREIGN KEY ("userId") REFERENCES "user"(id) ON DELETE CASCADE
workflow_builder_session	FK_7983c618db48f47bf5a4cc1e1e4	f	FOREIGN KEY ("workflowId") REFERENCES workflow_entity(id) ON DELETE CASCADE
workflow_builder_session	PK_e69ef0d385986e273423b0e8695	p	PRIMARY KEY (id)
workflow_builder_session	UQ_ec2aa73632932d485a1d5192ce1	u	UNIQUE ("workflowId", "userId")
workflow_dependency	FK_a4ff2d9b9628ea988fa9e7d0bf8	f	FOREIGN KEY ("workflowId") REFERENCES workflow_entity(id) ON DELETE CASCADE
workflow_dependency	PK_52325e34cd7a2f0f67b0f3cad65	p	PRIMARY KEY (id)
workflow_entity	FK_08d6c67b7f722b0039d9d5ed620	f	FOREIGN KEY ("activeVersionId") REFERENCES workflow_history("versionId") ON DELETE RESTRICT
workflow_entity	fk_workflow_parent_folder	f	FOREIGN KEY ("parentFolderId") REFERENCES folder(id) ON DELETE CASCADE
workflow_entity	workflow_entity_pkey	p	PRIMARY KEY (id)
workflow_history	FK_1e31657f5fe46816c34be7c1b4b	f	FOREIGN KEY ("workflowId") REFERENCES workflow_entity(id) ON DELETE CASCADE
workflow_history	PK_b6572dd6173e4cd06fe79937b58	p	PRIMARY KEY ("versionId")
workflow_publication_outbox	CHK_workflow_publication_outbox_status	c	CHECK (((status)::text = ANY ((ARRAY['pending'::character varying, 'in_progress'::character varying, 'completed'::character varying, 'partial_success'::character varying, 'failed'::character varying])::text[])))
workflow_publication_outbox	PK_b3e2eeee36a4bd044d56468d311	p	PRIMARY KEY (id)
workflow_published_version	FK_5c76fb7ee939fe2530374d3f75a	f	FOREIGN KEY ("workflowId") REFERENCES workflow_entity(id) ON DELETE RESTRICT
workflow_published_version	FK_df3428a541b802d6a63ac56e330	f	FOREIGN KEY ("publishedVersionId") REFERENCES workflow_history("versionId") ON DELETE RESTRICT
workflow_published_version	PK_5c76fb7ee939fe2530374d3f75a	p	PRIMARY KEY ("workflowId")
workflow_publish_history	CHK_workflow_publish_history_event	c	CHECK (((event)::text = ANY ((ARRAY['activated'::character varying, 'deactivated'::character varying])::text[])))
workflow_publish_history	FK_6eab5bd9eedabe9c54bd879fc40	f	FOREIGN KEY ("userId") REFERENCES "user"(id) ON DELETE SET NULL
workflow_publish_history	FK_b4cfbc7556d07f36ca177f5e473	f	FOREIGN KEY ("versionId") REFERENCES workflow_history("versionId") ON DELETE SET NULL
workflow_publish_history	FK_c01316f8c2d7101ec4fa9809267	f	FOREIGN KEY ("workflowId") REFERENCES workflow_entity(id) ON DELETE CASCADE
workflow_publish_history	PK_c788f7caf88e91e365c97d6d04a	p	PRIMARY KEY (id)
workflows_tags	fk_workflows_tags_tag_id	f	FOREIGN KEY ("tagId") REFERENCES tag_entity(id) ON DELETE CASCADE
workflows_tags	fk_workflows_tags_workflow_id	f	FOREIGN KEY ("workflowId") REFERENCES workflow_entity(id) ON DELETE CASCADE
workflows_tags	pk_workflows_tags	p	PRIMARY KEY ("workflowId", "tagId")
workflow_statistics	workflow_statistics_pkey	p	PRIMARY KEY (id)
(303 rows)
