schemaname	tablename	indexname	indexdef
public	agent_checkpoints	IDX_5e31c210f896d539964bf99fe3	CREATE INDEX "IDX_5e31c210f896d539964bf99fe3" ON public.agent_checkpoints USING btree ("agentId")
public	agent_checkpoints	PK_50a27cbafa6806c9b162304b5fd	CREATE UNIQUE INDEX "PK_50a27cbafa6806c9b162304b5fd" ON public.agent_checkpoints USING btree ("runId")
public	agent_execution	IDX_63d3c3a68b9cebf05f967f0b1c	CREATE INDEX "IDX_63d3c3a68b9cebf05f967f0b1c" ON public.agent_execution USING btree ("threadId", "createdAt")
public	agent_execution	PK_ba438acc8532addc12d1ef17049	CREATE UNIQUE INDEX "PK_ba438acc8532addc12d1ef17049" ON public.agent_execution USING btree (id)
public	agent_execution_threads	IDX_0468a9dc35597314e641d4722a	CREATE INDEX "IDX_0468a9dc35597314e641d4722a" ON public.agent_execution_threads USING btree ("agentId")
public	agent_execution_threads	IDX_0e2f8bf92a7a9c88b89670f701	CREATE INDEX "IDX_0e2f8bf92a7a9c88b89670f701" ON public.agent_execution_threads USING btree ("projectId")
public	agent_execution_threads	IDX_agent_execution_threads_taskVersionId	CREATE INDEX "IDX_agent_execution_threads_taskVersionId" ON public.agent_execution_threads USING btree ("taskVersionId")
public	agent_execution_threads	PK_22373dbf6ba6929d8ac50093309	CREATE UNIQUE INDEX "PK_22373dbf6ba6929d8ac50093309" ON public.agent_execution_threads USING btree (id)
public	agent_files	IDX_45dafc48fe2ce95eac30fc8ffd	CREATE INDEX "IDX_45dafc48fe2ce95eac30fc8ffd" ON public.agent_files USING btree ("agentId", "createdAt")
public	agent_files	PK_692920e59217af7d124cd95106f	CREATE UNIQUE INDEX "PK_692920e59217af7d124cd95106f" ON public.agent_files USING btree (id)
public	agent_history	IDX_87cd5a8da20304b089ea2f83fe	CREATE INDEX "IDX_87cd5a8da20304b089ea2f83fe" ON public.agent_history USING btree ("agentId")
public	agent_history	PK_65ffcfe7a8e112fb826311fb092	CREATE UNIQUE INDEX "PK_65ffcfe7a8e112fb826311fb092" ON public.agent_history USING btree ("versionId")
public	agent_task_definition	IDX_f45d0535a2ed59b6c2dd6da98a	CREATE INDEX "IDX_f45d0535a2ed59b6c2dd6da98a" ON public.agent_task_definition USING btree ("agentId")
public	agent_task_definition	PK_1756c11c637903e97629a7a784a	CREATE UNIQUE INDEX "PK_1756c11c637903e97629a7a784a" ON public.agent_task_definition USING btree (id)
public	agent_task_run_lock	PK_f593adaf7230e964d3c25deda64	CREATE UNIQUE INDEX "PK_f593adaf7230e964d3c25deda64" ON public.agent_task_run_lock USING btree ("agentId", "taskId")
public	agent_task_snapshot	PK_2142a8bcda2360c3c5e34f82640	CREATE UNIQUE INDEX "PK_2142a8bcda2360c3c5e34f82640" ON public.agent_task_snapshot USING btree ("versionId", "taskId")
public	agents	IDX_a30d560207c4071d98aa03c179	CREATE INDEX "IDX_a30d560207c4071d98aa03c179" ON public.agents USING btree ("projectId")
public	agents	IDX_agents_projectId	CREATE INDEX "IDX_agents_projectId" ON public.agents USING btree ("projectId")
public	agents	PK_9c653f28ae19c5884d5baf6a1d9	CREATE UNIQUE INDEX "PK_9c653f28ae19c5884d5baf6a1d9" ON public.agents USING btree (id)
public	agents_memory_entries	IDX_0edf1226b77ddc525eae493807	CREATE INDEX "IDX_0edf1226b77ddc525eae493807" ON public.agents_memory_entries USING btree ("supersededBy")
public	agents_memory_entries	IDX_1443a75e59adbfb796071d6639	CREATE INDEX "IDX_1443a75e59adbfb796071d6639" ON public.agents_memory_entries USING btree ("resourceId")
public	agents_memory_entries	IDX_a03e04e94bea8439dd166d4b52	CREATE UNIQUE INDEX "IDX_a03e04e94bea8439dd166d4b52" ON public.agents_memory_entries USING btree ("agentId", "resourceId", "contentHash")
public	agents_memory_entries	IDX_aff2807b31eccbafe59d0474f0	CREATE INDEX "IDX_aff2807b31eccbafe59d0474f0" ON public.agents_memory_entries USING btree ("agentId", "resourceId", status, "createdAt", id)
public	agents_memory_entries	PK_bfbc45dc88f66fae4e4b4a15fec	CREATE UNIQUE INDEX "PK_bfbc45dc88f66fae4e4b4a15fec" ON public.agents_memory_entries USING btree (id)
public	agents_memory_entry_cursors	IDX_069e791e428391a5569e7a96b2	CREATE INDEX "IDX_069e791e428391a5569e7a96b2" ON public.agents_memory_entry_cursors USING btree ("observationScopeId")
public	agents_memory_entry_cursors	PK_b31a1d5c009a27f4cc5ef8f102a	CREATE UNIQUE INDEX "PK_b31a1d5c009a27f4cc5ef8f102a" ON public.agents_memory_entry_cursors USING btree ("agentId", "observationScopeId")
public	agents_memory_entry_locks	IDX_9594c0983cfee1c8ff49b05848	CREATE INDEX "IDX_9594c0983cfee1c8ff49b05848" ON public.agents_memory_entry_locks USING btree ("resourceId")
public	agents_memory_entry_locks	PK_a8e0f570d04a174292bea104ae6	CREATE UNIQUE INDEX "PK_a8e0f570d04a174292bea104ae6" ON public.agents_memory_entry_locks USING btree ("agentId", "resourceId")
public	agents_memory_entry_sources	IDX_451d387a182fa8dd8002dfc3a7	CREATE INDEX "IDX_451d387a182fa8dd8002dfc3a7" ON public.agents_memory_entry_sources USING btree ("threadId")
public	agents_memory_entry_sources	IDX_a353ac251315ef0af6ad3c9f0a	CREATE UNIQUE INDEX "IDX_a353ac251315ef0af6ad3c9f0a" ON public.agents_memory_entry_sources USING btree ("memoryEntryId", "observationId", "evidenceHash")
public	agents_memory_entry_sources	IDX_cb7c15d22fd068a0806aa57fc0	CREATE INDEX "IDX_cb7c15d22fd068a0806aa57fc0" ON public.agents_memory_entry_sources USING btree ("observationId")
public	agents_memory_entry_sources	IDX_f9573af4ed653f13b0ba1f7b12	CREATE INDEX "IDX_f9573af4ed653f13b0ba1f7b12" ON public.agents_memory_entry_sources USING btree ("agentId", "threadId")
public	agents_memory_entry_sources	PK_278f05e98e74baaaa93f52b4bab	CREATE UNIQUE INDEX "PK_278f05e98e74baaaa93f52b4bab" ON public.agents_memory_entry_sources USING btree (id)
public	agents_messages	IDX_agents_messages_threadId_createdAt	CREATE INDEX "IDX_agents_messages_threadId_createdAt" ON public.agents_messages USING btree ("threadId", "createdAt")
public	agents_messages	IDX_fc7bf858660bfafd19181e8e35	CREATE INDEX "IDX_fc7bf858660bfafd19181e8e35" ON public.agents_messages USING btree ("threadId", "createdAt")
public	agents_messages	PK_81020dc608dfb0af1ede386d907	CREATE UNIQUE INDEX "PK_81020dc608dfb0af1ede386d907" ON public.agents_messages USING btree (id)
public	agents_observation_cursors	IDX_87aa187d27ea67eafd16490515	CREATE INDEX "IDX_87aa187d27ea67eafd16490515" ON public.agents_observation_cursors USING btree ("observationScopeId")
public	agents_observation_cursors	PK_eb777ac57ab872d38f8ebd19317	CREATE UNIQUE INDEX "PK_eb777ac57ab872d38f8ebd19317" ON public.agents_observation_cursors USING btree ("agentId", "observationScopeId")
public	agents_observation_locks	IDX_6b55089892e447c2f82e5ec60e	CREATE INDEX "IDX_6b55089892e447c2f82e5ec60e" ON public.agents_observation_locks USING btree ("observationScopeId")
public	agents_observation_locks	PK_7e2e315162ac3d80587e15ac2c3	CREATE UNIQUE INDEX "PK_7e2e315162ac3d80587e15ac2c3" ON public.agents_observation_locks USING btree ("agentId", "observationScopeId", "taskKind")
public	agents_observations	IDX_07cb1e4a302629c5fa5d74d2bb	CREATE INDEX "IDX_07cb1e4a302629c5fa5d74d2bb" ON public.agents_observations USING btree ("agentId", "observationScopeId", status)
public	agents_observations	IDX_127ee1078ffa952bb37b511efa	CREATE INDEX "IDX_127ee1078ffa952bb37b511efa" ON public.agents_observations USING btree ("supersededBy")
public	agents_observations	IDX_4cfd8a70ebb0a5b0cf047dca3c	CREATE INDEX "IDX_4cfd8a70ebb0a5b0cf047dca3c" ON public.agents_observations USING btree ("observationScopeId")
public	agents_observations	IDX_501e2d1701a10e24fb69ab5fc5	CREATE INDEX "IDX_501e2d1701a10e24fb69ab5fc5" ON public.agents_observations USING btree ("parentId")
public	agents_observations	PK_9ad319654d12c2649f7caf27135	CREATE UNIQUE INDEX "PK_9ad319654d12c2649f7caf27135" ON public.agents_observations USING btree (id)
public	agents_resources	PK_fa6b20b2d31a9991529dbf8ef7d	CREATE UNIQUE INDEX "PK_fa6b20b2d31a9991529dbf8ef7d" ON public.agents_resources USING btree (id)
public	agents_threads	IDX_54fa1b94f34a409beafae567a4	CREATE INDEX "IDX_54fa1b94f34a409beafae567a4" ON public.agents_threads USING btree ("resourceId")
public	agents_threads	PK_4a3feb0a13ffe315c009cce64e5	CREATE UNIQUE INDEX "PK_4a3feb0a13ffe315c009cce64e5" ON public.agents_threads USING btree (id)
public	ai_builder_temporary_workflow	IDX_39b07732e819fb561d74c38763	CREATE INDEX "IDX_39b07732e819fb561d74c38763" ON public.ai_builder_temporary_workflow USING btree ("threadId")
public	ai_builder_temporary_workflow	PK_85a87a1ba0f61999fe11dc56325	CREATE UNIQUE INDEX "PK_85a87a1ba0f61999fe11dc56325" ON public.ai_builder_temporary_workflow USING btree ("workflowId")
public	annotation_tag_entity	IDX_ae51b54c4bb430cf92f48b623f	CREATE UNIQUE INDEX "IDX_ae51b54c4bb430cf92f48b623f" ON public.annotation_tag_entity USING btree (name)
public	annotation_tag_entity	PK_69dfa041592c30bbc0d4b84aa00	CREATE UNIQUE INDEX "PK_69dfa041592c30bbc0d4b84aa00" ON public.annotation_tag_entity USING btree (id)
public	auth_identity	auth_identity_pkey	CREATE UNIQUE INDEX auth_identity_pkey ON public.auth_identity USING btree ("providerId", "providerType")
public	auth_provider_sync_history	auth_provider_sync_history_pkey	CREATE UNIQUE INDEX auth_provider_sync_history_pkey ON public.auth_provider_sync_history USING btree (id)
public	binary_data	IDX_56900edc3cfd16612e2ef2c6a8	CREATE INDEX "IDX_56900edc3cfd16612e2ef2c6a8" ON public.binary_data USING btree ("sourceType", "sourceId")
public	binary_data	PK_fc3691585b39408bb0551122af6	CREATE UNIQUE INDEX "PK_fc3691585b39408bb0551122af6" ON public.binary_data USING btree ("fileId")
public	channel_conversation_logs	channel_conversation_logs_conversation_id_external_event_id_key	CREATE UNIQUE INDEX channel_conversation_logs_conversation_id_external_event_id_key ON public.channel_conversation_logs USING btree (conversation_id, external_event_id)
public	channel_conversation_logs	channel_conversation_logs_pkey	CREATE UNIQUE INDEX channel_conversation_logs_pkey ON public.channel_conversation_logs USING btree (id)
public	chat_hub_agent_tools	PK_cc8806fdea48297a7d497035d72	CREATE UNIQUE INDEX "PK_cc8806fdea48297a7d497035d72" ON public.chat_hub_agent_tools USING btree ("agentId", "toolId")
public	chat_hub_agents	PK_f39a3b36bbdf0e2979ddb21cf78	CREATE UNIQUE INDEX "PK_f39a3b36bbdf0e2979ddb21cf78" ON public.chat_hub_agents USING btree (id)
public	chat_hub_messages	IDX_chat_hub_messages_sessionId	CREATE INDEX "IDX_chat_hub_messages_sessionId" ON public.chat_hub_messages USING btree ("sessionId")
public	chat_hub_messages	PK_7704a5add6baed43eef835f0bfb	CREATE UNIQUE INDEX "PK_7704a5add6baed43eef835f0bfb" ON public.chat_hub_messages USING btree (id)
public	chat_hub_session_tools	PK_87aea76ff4c274c4a5ac838ebe3	CREATE UNIQUE INDEX "PK_87aea76ff4c274c4a5ac838ebe3" ON public.chat_hub_session_tools USING btree ("sessionId", "toolId")
public	chat_hub_sessions	IDX_chat_hub_sessions_owner_lastmsg_id	CREATE INDEX "IDX_chat_hub_sessions_owner_lastmsg_id" ON public.chat_hub_sessions USING btree ("ownerId", "lastMessageAt" DESC, id)
public	chat_hub_sessions	PK_1eafef1273c70e4464fec703412	CREATE UNIQUE INDEX "PK_1eafef1273c70e4464fec703412" ON public.chat_hub_sessions USING btree (id)
public	chat_hub_tools	IDX_4c72ebdb265d1775bf61147af0	CREATE UNIQUE INDEX "IDX_4c72ebdb265d1775bf61147af0" ON public.chat_hub_tools USING btree ("ownerId", name)
public	chat_hub_tools	PK_696d26426c704fba79b2c195ef5	CREATE UNIQUE INDEX "PK_696d26426c704fba79b2c195ef5" ON public.chat_hub_tools USING btree (id)
public	client_notifications	client_notifications_pkey	CREATE UNIQUE INDEX client_notifications_pkey ON public.client_notifications USING btree (id)
public	clients	clients_pkey	CREATE UNIQUE INDEX clients_pkey ON public.clients USING btree (id)
public	clients	clients_unique_channel	CREATE UNIQUE INDEX clients_unique_channel ON public.clients USING btree (restaurant_id, channel_type, channel_value)
public	clients	idx_clients_restaurant_email	CREATE INDEX idx_clients_restaurant_email ON public.clients USING btree (restaurant_id, email)
public	clients	idx_clients_restaurant_phone	CREATE INDEX idx_clients_restaurant_phone ON public.clients USING btree (restaurant_id, phone)
public	conversation_states	conversation_states_pkey	CREATE UNIQUE INDEX conversation_states_pkey ON public.conversation_states USING btree (id)
public	conversation_states	conversation_states_unique_conversation	CREATE UNIQUE INDEX conversation_states_unique_conversation ON public.conversation_states USING btree (restaurant_id, conversation_id, channel_type)
public	conversation_states	idx_conversation_states_conversation	CREATE INDEX idx_conversation_states_conversation ON public.conversation_states USING btree (conversation_id)
public	credential_dependency	IDX_5ec8e8c8d3539f3696cf73b43b	CREATE INDEX "IDX_5ec8e8c8d3539f3696cf73b43b" ON public.credential_dependency USING btree ("credentialId")
public	credential_dependency	IDX_91ee85fa9619dd6776725e117b	CREATE INDEX "IDX_91ee85fa9619dd6776725e117b" ON public.credential_dependency USING btree ("dependencyType", "dependencyId")
public	credential_dependency	IDX_credential_dependency_credentialId_dependencyType_dependenc	CREATE UNIQUE INDEX "IDX_credential_dependency_credentialId_dependencyType_dependenc" ON public.credential_dependency USING btree ("credentialId", "dependencyType", "dependencyId")
public	credential_dependency	PK_80212729ed0ffa0709417ab28f4	CREATE UNIQUE INDEX "PK_80212729ed0ffa0709417ab28f4" ON public.credential_dependency USING btree (id)
public	credentials_entity	credentials_entity_pkey	CREATE UNIQUE INDEX credentials_entity_pkey ON public.credentials_entity USING btree (id)
public	credentials_entity	idx_07fde106c0b471d8cc80a64fc8	CREATE INDEX idx_07fde106c0b471d8cc80a64fc8 ON public.credentials_entity USING btree (type)
public	credentials_entity	pk_credentials_entity_id	CREATE UNIQUE INDEX pk_credentials_entity_id ON public.credentials_entity USING btree (id)
public	data_table	PK_e226d0001b9e6097cbfe70617cb	CREATE UNIQUE INDEX "PK_e226d0001b9e6097cbfe70617cb" ON public.data_table USING btree (id)
public	data_table	UQ_b23096ef747281ac944d28e8b0d	CREATE UNIQUE INDEX "UQ_b23096ef747281ac944d28e8b0d" ON public.data_table USING btree ("projectId", name)
public	data_table_column	PK_673cb121ee4a8a5e27850c72c51	CREATE UNIQUE INDEX "PK_673cb121ee4a8a5e27850c72c51" ON public.data_table_column USING btree (id)
public	data_table_column	UQ_8082ec4890f892f0bc77473a123	CREATE UNIQUE INDEX "UQ_8082ec4890f892f0bc77473a123" ON public.data_table_column USING btree ("dataTableId", name)
public	deployment_key	IDX_deployment_key_data_encryption_active	CREATE UNIQUE INDEX "IDX_deployment_key_data_encryption_active" ON public.deployment_key USING btree (type) WHERE (((status)::text = 'active'::text) AND ((type)::text = 'data_encryption'::text))
public	deployment_key	IDX_deployment_key_instance_id_active	CREATE UNIQUE INDEX "IDX_deployment_key_instance_id_active" ON public.deployment_key USING btree (type) WHERE (((status)::text = 'active'::text) AND ((type)::text = 'instance.id'::text))
public	deployment_key	IDX_deployment_key_jwe_private_key_active	CREATE UNIQUE INDEX "IDX_deployment_key_jwe_private_key_active" ON public.deployment_key USING btree (type, algorithm) WHERE (((status)::text = 'active'::text) AND ((type)::text = 'jwe.private-key'::text))
public	deployment_key	IDX_deployment_key_signing_binary_data_active	CREATE UNIQUE INDEX "IDX_deployment_key_signing_binary_data_active" ON public.deployment_key USING btree (type) WHERE (((status)::text = 'active'::text) AND ((type)::text = 'signing.binary_data'::text))
public	deployment_key	IDX_deployment_key_signing_hmac_active	CREATE UNIQUE INDEX "IDX_deployment_key_signing_hmac_active" ON public.deployment_key USING btree (type) WHERE (((status)::text = 'active'::text) AND ((type)::text = 'signing.hmac'::text))
public	deployment_key	IDX_deployment_key_signing_jwt_active	CREATE UNIQUE INDEX "IDX_deployment_key_signing_jwt_active" ON public.deployment_key USING btree (type) WHERE (((status)::text = 'active'::text) AND ((type)::text = 'signing.jwt'::text))
public	deployment_key	PK_94bb7aeb5def5a0284a5fe9f9a0	CREATE UNIQUE INDEX "PK_94bb7aeb5def5a0284a5fe9f9a0" ON public.deployment_key USING btree (id)
public	dynamic_credential_entry	IDX_62476b94b56d9dc7ed9ed75d3d	CREATE INDEX "IDX_62476b94b56d9dc7ed9ed75d3d" ON public.dynamic_credential_entry USING btree (subject_id)
public	dynamic_credential_entry	IDX_d61a12235d268a49af6a3c09c1	CREATE INDEX "IDX_d61a12235d268a49af6a3c09c1" ON public.dynamic_credential_entry USING btree (resolver_id)
public	dynamic_credential_entry	PK_5135ffcabecad4727ff6b9b803d	CREATE UNIQUE INDEX "PK_5135ffcabecad4727ff6b9b803d" ON public.dynamic_credential_entry USING btree (credential_id, subject_id, resolver_id)
public	dynamic_credential_resolver	IDX_9c9ee9df586e60bb723234e499	CREATE INDEX "IDX_9c9ee9df586e60bb723234e499" ON public.dynamic_credential_resolver USING btree (type)
public	dynamic_credential_resolver	PK_b76cfb088dcdaf5275e9980bb64	CREATE UNIQUE INDEX "PK_b76cfb088dcdaf5275e9980bb64" ON public.dynamic_credential_resolver USING btree (id)
public	dynamic_credential_user_entry	IDX_6edec973a6450990977bb854c3	CREATE INDEX "IDX_6edec973a6450990977bb854c3" ON public.dynamic_credential_user_entry USING btree ("resolverId")
public	dynamic_credential_user_entry	IDX_a36dc616fabc3f736bb82410a2	CREATE INDEX "IDX_a36dc616fabc3f736bb82410a2" ON public.dynamic_credential_user_entry USING btree ("userId")
public	dynamic_credential_user_entry	PK_74f548e633abc66dc27c8f0ca77	CREATE UNIQUE INDEX "PK_74f548e633abc66dc27c8f0ca77" ON public.dynamic_credential_user_entry USING btree ("credentialId", "userId", "resolverId")
public	evaluation_collection	IDX_a48ce930c3bc7604894b8f0eaa	CREATE INDEX "IDX_a48ce930c3bc7604894b8f0eaa" ON public.evaluation_collection USING btree ("workflowId")
public	evaluation_collection	IDX_d634a0c93fd7de68a87eab951b	CREATE INDEX "IDX_d634a0c93fd7de68a87eab951b" ON public.evaluation_collection USING btree ("evaluationConfigId")
public	evaluation_collection	PK_e720b6efc1e45b878ebb0b2ca30	CREATE UNIQUE INDEX "PK_e720b6efc1e45b878ebb0b2ca30" ON public.evaluation_collection USING btree (id)
public	evaluation_config	IDX_fd7542bb123074760285dc1bbf	CREATE INDEX "IDX_fd7542bb123074760285dc1bbf" ON public.evaluation_config USING btree ("workflowId")
public	evaluation_config	PK_59c14dccf8989df94070c2dcfda	CREATE UNIQUE INDEX "PK_59c14dccf8989df94070c2dcfda" ON public.evaluation_config USING btree (id)
public	evaluation_config	UQ_3c3c99a712e971835c52292e44c	CREATE UNIQUE INDEX "UQ_3c3c99a712e971835c52292e44c" ON public.evaluation_config USING btree ("workflowId", name)
public	event_destinations	event_destinations_pkey	CREATE UNIQUE INDEX event_destinations_pkey ON public.event_destinations USING btree (id)
public	execution_annotation_tags	IDX_a3697779b366e131b2bbdae297	CREATE INDEX "IDX_a3697779b366e131b2bbdae297" ON public.execution_annotation_tags USING btree ("tagId")
public	execution_annotation_tags	IDX_c1519757391996eb06064f0e7c	CREATE INDEX "IDX_c1519757391996eb06064f0e7c" ON public.execution_annotation_tags USING btree ("annotationId")
public	execution_annotation_tags	PK_979ec03d31294cca484be65d11f	CREATE UNIQUE INDEX "PK_979ec03d31294cca484be65d11f" ON public.execution_annotation_tags USING btree ("annotationId", "tagId")
public	execution_annotations	IDX_97f863fa83c4786f1956508496	CREATE UNIQUE INDEX "IDX_97f863fa83c4786f1956508496" ON public.execution_annotations USING btree ("executionId")
public	execution_annotations	PK_7afcf93ffa20c4252869a7c6a23	CREATE UNIQUE INDEX "PK_7afcf93ffa20c4252869a7c6a23" ON public.execution_annotations USING btree (id)
public	execution_data	execution_data_pkey	CREATE UNIQUE INDEX execution_data_pkey ON public.execution_data USING btree ("executionId")
public	execution_entity	IDX_execution_entity_deduplicationKey	CREATE UNIQUE INDEX "IDX_execution_entity_deduplicationKey" ON public.execution_entity USING btree ("deduplicationKey") WHERE ("deduplicationKey" IS NOT NULL)
public	execution_entity	IDX_execution_entity_deletedAt	CREATE INDEX "IDX_execution_entity_deletedAt" ON public.execution_entity USING btree ("deletedAt")
public	execution_entity	idx_execution_entity_stopped_at_status_deleted_at	CREATE INDEX idx_execution_entity_stopped_at_status_deleted_at ON public.execution_entity USING btree ("stoppedAt", status, "deletedAt") WHERE (("stoppedAt" IS NOT NULL) AND ("deletedAt" IS NULL))
public	execution_entity	idx_execution_entity_wait_till_status_deleted_at	CREATE INDEX idx_execution_entity_wait_till_status_deleted_at ON public.execution_entity USING btree ("waitTill", status, "deletedAt") WHERE (("waitTill" IS NOT NULL) AND ("deletedAt" IS NULL))
public	execution_entity	idx_execution_entity_workflow_id_started_at	CREATE INDEX idx_execution_entity_workflow_id_started_at ON public.execution_entity USING btree ("workflowId", "startedAt") WHERE (("startedAt" IS NOT NULL) AND ("deletedAt" IS NULL))
public	execution_entity	pk_e3e63bbf986767844bbe1166d4e	CREATE UNIQUE INDEX pk_e3e63bbf986767844bbe1166d4e ON public.execution_entity USING btree (id)
public	execution_metadata	IDX_cec8eea3bf49551482ccb4933e	CREATE UNIQUE INDEX "IDX_cec8eea3bf49551482ccb4933e" ON public.execution_metadata USING btree ("executionId", key)
public	execution_metadata	PK_17a0b6284f8d626aae88e1c16e4	CREATE UNIQUE INDEX "PK_17a0b6284f8d626aae88e1c16e4" ON public.execution_metadata USING btree (id)
public	folder	IDX_14f68deffaf858465715995508	CREATE UNIQUE INDEX "IDX_14f68deffaf858465715995508" ON public.folder USING btree ("projectId", id)
public	folder	PK_6278a41a706740c94c02e288df8	CREATE UNIQUE INDEX "PK_6278a41a706740c94c02e288df8" ON public.folder USING btree (id)
public	folder_tag	PK_27e4e00852f6b06a925a4d83a3e	CREATE UNIQUE INDEX "PK_27e4e00852f6b06a925a4d83a3e" ON public.folder_tag USING btree ("folderId", "tagId")
public	insights_by_period	IDX_60b6a84299eeb3f671dfec7693	CREATE UNIQUE INDEX "IDX_60b6a84299eeb3f671dfec7693" ON public.insights_by_period USING btree ("periodStart", type, "periodUnit", "metaId")
public	insights_by_period	PK_b606942249b90cc39b0265f0575	CREATE UNIQUE INDEX "PK_b606942249b90cc39b0265f0575" ON public.insights_by_period USING btree (id)
public	insights_metadata	IDX_1d8ab99d5861c9388d2dc1cf73	CREATE UNIQUE INDEX "IDX_1d8ab99d5861c9388d2dc1cf73" ON public.insights_metadata USING btree ("workflowId")
public	insights_metadata	PK_f448a94c35218b6208ce20cf5a1	CREATE UNIQUE INDEX "PK_f448a94c35218b6208ce20cf5a1" ON public.insights_metadata USING btree ("metaId")
public	insights_raw	IDX_insights_raw_timestamp_id	CREATE INDEX "IDX_insights_raw_timestamp_id" ON public.insights_raw USING btree ("timestamp", id)
public	insights_raw	PK_ec15125755151e3a7e00e00014f	CREATE UNIQUE INDEX "PK_ec15125755151e3a7e00e00014f" ON public.insights_raw USING btree (id)
public	installed_nodes	PK_8ebd28194e4f792f96b5933423fc439df97d9689	CREATE UNIQUE INDEX "PK_8ebd28194e4f792f96b5933423fc439df97d9689" ON public.installed_nodes USING btree (name)
public	installed_packages	PK_08cc9197c39b028c1e9beca225940576fd1a5804	CREATE UNIQUE INDEX "PK_08cc9197c39b028c1e9beca225940576fd1a5804" ON public.installed_packages USING btree ("packageName")
public	instance_ai_checkpoints	IDX_2b23f3f24a70bebb990203b011	CREATE INDEX "IDX_2b23f3f24a70bebb990203b011" ON public.instance_ai_checkpoints USING btree ("threadId")
public	instance_ai_checkpoints	IDX_768189b506cc26c4fe878b87cb	CREATE INDEX "IDX_768189b506cc26c4fe878b87cb" ON public.instance_ai_checkpoints USING btree ("runId")
public	instance_ai_checkpoints	IDX_be9d0eca0b19fb93d4eb74b327	CREATE INDEX "IDX_be9d0eca0b19fb93d4eb74b327" ON public.instance_ai_checkpoints USING btree ("resourceId")
public	instance_ai_checkpoints	PK_5315a45f0846d1f9d128c18a2ed	CREATE UNIQUE INDEX "PK_5315a45f0846d1f9d128c18a2ed" ON public.instance_ai_checkpoints USING btree (key)
public	instance_ai_iteration_logs	IDX_02751202c9a2ad75f2d8e14f5e	CREATE INDEX "IDX_02751202c9a2ad75f2d8e14f5e" ON public.instance_ai_iteration_logs USING btree ("threadId", "taskKey", "createdAt")
public	instance_ai_iteration_logs	PK_21c2b214b44bc6c34a6d3551c90	CREATE UNIQUE INDEX "PK_21c2b214b44bc6c34a6d3551c90" ON public.instance_ai_iteration_logs USING btree (id)
public	instance_ai_messages	IDX_1eeb64cb9d66a927988de759e6	CREATE INDEX "IDX_1eeb64cb9d66a927988de759e6" ON public.instance_ai_messages USING btree ("threadId")
public	instance_ai_messages	IDX_76e212c6867fbaa06bf0decd6f	CREATE INDEX "IDX_76e212c6867fbaa06bf0decd6f" ON public.instance_ai_messages USING btree ("resourceId")
public	instance_ai_messages	PK_156c6f287225e9befe0181bb02b	CREATE UNIQUE INDEX "PK_156c6f287225e9befe0181bb02b" ON public.instance_ai_messages USING btree (id)
public	instance_ai_observation_cursors	PK_5b6319b2e9a37c1064a72428f9a	CREATE UNIQUE INDEX "PK_5b6319b2e9a37c1064a72428f9a" ON public.instance_ai_observation_cursors USING btree ("observationScopeId")
public	instance_ai_observation_locks	PK_fc491dd378b9448655c3c683f85	CREATE UNIQUE INDEX "PK_fc491dd378b9448655c3c683f85" ON public.instance_ai_observation_locks USING btree ("observationScopeId", "taskKind")
public	instance_ai_observational_memory	IDX_92f13cb6bc694227e069447f7b	CREATE INDEX "IDX_92f13cb6bc694227e069447f7b" ON public.instance_ai_observational_memory USING btree ("lookupKey")
public	instance_ai_observational_memory	IDX_a680ac96aae02dc887bbaac512	CREATE UNIQUE INDEX "IDX_a680ac96aae02dc887bbaac512" ON public.instance_ai_observational_memory USING btree (scope, "threadId", "resourceId")
public	instance_ai_observational_memory	PK_7192dd00cddba039bf1d3e6a098	CREATE UNIQUE INDEX "PK_7192dd00cddba039bf1d3e6a098" ON public.instance_ai_observational_memory USING btree (id)
public	instance_ai_observations	IDX_0d5db648188d338df7fb2a8064	CREATE INDEX "IDX_0d5db648188d338df7fb2a8064" ON public.instance_ai_observations USING btree ("observationScopeId", status, "createdAt", id)
public	instance_ai_observations	IDX_a80e0ee839a2f10ba4b86e1999	CREATE INDEX "IDX_a80e0ee839a2f10ba4b86e1999" ON public.instance_ai_observations USING btree ("supersededBy")
public	instance_ai_observations	IDX_daef2195a4a846eb70eed15e03	CREATE INDEX "IDX_daef2195a4a846eb70eed15e03" ON public.instance_ai_observations USING btree ("parentId")
public	instance_ai_observations	PK_4d9b514cdf0f0b577650caf2ac2	CREATE UNIQUE INDEX "PK_4d9b514cdf0f0b577650caf2ac2" ON public.instance_ai_observations USING btree (id)
public	instance_ai_pending_confirmations	IDX_0babdf6e3b897a86fe4678355e	CREATE INDEX "IDX_0babdf6e3b897a86fe4678355e" ON public.instance_ai_pending_confirmations USING btree ("checkpointKey")
public	instance_ai_pending_confirmations	IDX_ba67ee8dc311830a2eea89b6e9	CREATE INDEX "IDX_ba67ee8dc311830a2eea89b6e9" ON public.instance_ai_pending_confirmations USING btree ("threadId")
public	instance_ai_pending_confirmations	IDX_d7a4aba7440449865e2b924377	CREATE INDEX "IDX_d7a4aba7440449865e2b924377" ON public.instance_ai_pending_confirmations USING btree ("expiresAt")
public	instance_ai_pending_confirmations	IDX_df5fd25c8bbfd2b042602600d8	CREATE INDEX "IDX_df5fd25c8bbfd2b042602600d8" ON public.instance_ai_pending_confirmations USING btree ("userId")
public	instance_ai_pending_confirmations	PK_25c38179c8d45095b168adfff80	CREATE UNIQUE INDEX "PK_25c38179c8d45095b168adfff80" ON public.instance_ai_pending_confirmations USING btree ("requestId")
public	instance_ai_resources	PK_45b5b0b6f715dae4292b86603d8	CREATE UNIQUE INDEX "PK_45b5b0b6f715dae4292b86603d8" ON public.instance_ai_resources USING btree (id)
public	instance_ai_run_snapshots	IDX_d3a2bc880e7a8626802e5474ad	CREATE INDEX "IDX_d3a2bc880e7a8626802e5474ad" ON public.instance_ai_run_snapshots USING btree ("threadId", "createdAt")
public	instance_ai_run_snapshots	IDX_d926c16c2ad9728cb9a81790c0	CREATE INDEX "IDX_d926c16c2ad9728cb9a81790c0" ON public.instance_ai_run_snapshots USING btree ("threadId", "messageGroupId")
public	instance_ai_run_snapshots	PK_0a5fc9690a84950ebf1416fb146	CREATE UNIQUE INDEX "PK_0a5fc9690a84950ebf1416fb146" ON public.instance_ai_run_snapshots USING btree ("threadId", "runId")
public	instance_ai_threads	IDX_f36dea4d38fe92e0e8f44d5a56	CREATE INDEX "IDX_f36dea4d38fe92e0e8f44d5a56" ON public.instance_ai_threads USING btree ("resourceId")
public	instance_ai_threads	PK_35575100e45cdedeb89ae0643e9	CREATE UNIQUE INDEX "PK_35575100e45cdedeb89ae0643e9" ON public.instance_ai_threads USING btree (id)
public	instance_ai_workflow_snapshots	IDX_a371ee6b8e0ebb5635f8baa46d	CREATE INDEX "IDX_a371ee6b8e0ebb5635f8baa46d" ON public.instance_ai_workflow_snapshots USING btree ("workflowName", status)
public	instance_ai_workflow_snapshots	PK_93f2696eb321dfe1d7defe7073f	CREATE UNIQUE INDEX "PK_93f2696eb321dfe1d7defe7073f" ON public.instance_ai_workflow_snapshots USING btree ("runId", "workflowName")
public	instance_version_history	PK_874f58cb616935bf49d9dbd67e9	CREATE UNIQUE INDEX "PK_874f58cb616935bf49d9dbd67e9" ON public.instance_version_history USING btree (id)
public	invalid_auth_token	PK_5779069b7235b256d91f7af1a15	CREATE UNIQUE INDEX "PK_5779069b7235b256d91f7af1a15" ON public.invalid_auth_token USING btree (token)
public	mcp_registry_server	PK_12fd89a1fb8489513b0a91f5d31	CREATE UNIQUE INDEX "PK_12fd89a1fb8489513b0a91f5d31" ON public.mcp_registry_server USING btree (slug)
public	migrations	PK_8c82d7f526340ab734260ea46be	CREATE UNIQUE INDEX "PK_8c82d7f526340ab734260ea46be" ON public.migrations USING btree (id)
public	oauth_access_tokens	PK_dcd71f96a5d5f4bf79e67d322bf	CREATE UNIQUE INDEX "PK_dcd71f96a5d5f4bf79e67d322bf" ON public.oauth_access_tokens USING btree (token)
public	oauth_authorization_codes	PK_fb91ab932cfbd694061501cc20f	CREATE UNIQUE INDEX "PK_fb91ab932cfbd694061501cc20f" ON public.oauth_authorization_codes USING btree (code)
public	oauth_clients	PK_c4759172d3431bae6f04e678e0d	CREATE UNIQUE INDEX "PK_c4759172d3431bae6f04e678e0d" ON public.oauth_clients USING btree (id)
public	oauth_refresh_tokens	PK_74abaed0b30711b6532598b0392	CREATE UNIQUE INDEX "PK_74abaed0b30711b6532598b0392" ON public.oauth_refresh_tokens USING btree (token)
public	oauth_user_consents	PK_85b9ada746802c8993103470f05	CREATE UNIQUE INDEX "PK_85b9ada746802c8993103470f05" ON public.oauth_user_consents USING btree (id)
public	oauth_user_consents	UQ_083721d99ce8db4033e2958ebb4	CREATE UNIQUE INDEX "UQ_083721d99ce8db4033e2958ebb4" ON public.oauth_user_consents USING btree ("userId", "clientId")
public	outbound_messages	outbound_messages_pkey	CREATE UNIQUE INDEX outbound_messages_pkey ON public.outbound_messages USING btree (id)
public	processed_data	PK_ca04b9d8dc72de268fe07a65773	CREATE UNIQUE INDEX "PK_ca04b9d8dc72de268fe07a65773" ON public.processed_data USING btree ("workflowId", context)
public	project	PK_4d68b1358bb5b766d3e78f32f57	CREATE UNIQUE INDEX "PK_4d68b1358bb5b766d3e78f32f57" ON public.project USING btree (id)
public	project_relation	IDX_5f0643f6717905a05164090dde	CREATE INDEX "IDX_5f0643f6717905a05164090dde" ON public.project_relation USING btree ("userId")
public	project_relation	IDX_61448d56d61802b5dfde5cdb00	CREATE INDEX "IDX_61448d56d61802b5dfde5cdb00" ON public.project_relation USING btree ("projectId")
public	project_relation	PK_1caaa312a5d7184a003be0f0cb6	CREATE UNIQUE INDEX "PK_1caaa312a5d7184a003be0f0cb6" ON public.project_relation USING btree ("projectId", "userId")
public	project_relation	project_relation_role_idx	CREATE INDEX project_relation_role_idx ON public.project_relation USING btree (role)
public	project_relation	project_relation_role_project_idx	CREATE INDEX project_relation_role_project_idx ON public.project_relation USING btree ("projectId", role)
public	project_secrets_provider_access	PK_0402b7fcec5415246656f102f83	CREATE UNIQUE INDEX "PK_0402b7fcec5415246656f102f83" ON public.project_secrets_provider_access USING btree ("secretsProviderConnectionId", "projectId")
public	reservations	idx_reservations_lookup_slot	CREATE INDEX idx_reservations_lookup_slot ON public.reservations USING btree (restaurant_id, start_time, status)
public	reservations	idx_reservations_restaurant_start_time	CREATE INDEX idx_reservations_restaurant_start_time ON public.reservations USING btree (restaurant_id, start_time)
public	reservations	idx_reservations_status	CREATE INDEX idx_reservations_status ON public.reservations USING btree (status)
public	reservations	reservations_pkey	CREATE UNIQUE INDEX reservations_pkey ON public.reservations USING btree (id)
public	reservations	ux_reservations_conversation_slot	CREATE UNIQUE INDEX ux_reservations_conversation_slot ON public.reservations USING btree (restaurant_id, conversation_id, start_time) WHERE (conversation_id IS NOT NULL)
public	restaurant_channels	restaurant_channels_pkey	CREATE UNIQUE INDEX restaurant_channels_pkey ON public.restaurant_channels USING btree (id)
public	restaurant_channels	restaurant_channels_unique_channel	CREATE UNIQUE INDEX restaurant_channels_unique_channel ON public.restaurant_channels USING btree (restaurant_id, channel_type, channel_value)
public	restaurant_closures	idx_restaurant_closures_lookup	CREATE INDEX idx_restaurant_closures_lookup ON public.restaurant_closures USING btree (restaurant_id, starts_at, ends_at, is_active)
public	restaurant_closures	restaurant_closures_pkey	CREATE UNIQUE INDEX restaurant_closures_pkey ON public.restaurant_closures USING btree (id)
public	restaurant_settings	restaurant_settings_pkey	CREATE UNIQUE INDEX restaurant_settings_pkey ON public.restaurant_settings USING btree (id)
public	restaurant_settings	restaurant_settings_unique_restaurant	CREATE UNIQUE INDEX restaurant_settings_unique_restaurant ON public.restaurant_settings USING btree (restaurant_id)
public	restaurants	restaurants_pkey	CREATE UNIQUE INDEX restaurants_pkey ON public.restaurants USING btree (id)
public	restaurants	restaurants_slug_key	CREATE UNIQUE INDEX restaurants_slug_key ON public.restaurants USING btree (slug)
public	role	IDX_UniqueRoleDisplayName	CREATE UNIQUE INDEX "IDX_UniqueRoleDisplayName" ON public.role USING btree ("displayName")
public	role	PK_35c9b140caaf6da09cfabb0d675	CREATE UNIQUE INDEX "PK_35c9b140caaf6da09cfabb0d675" ON public.role USING btree (slug)
public	role_mapping_rule	IDX_bb66e404c35996b0d694617750	CREATE INDEX "IDX_bb66e404c35996b0d694617750" ON public.role_mapping_rule USING btree (role)
public	role_mapping_rule	PK_d772c8ec1a89b52d31c882bc560	CREATE UNIQUE INDEX "PK_d772c8ec1a89b52d31c882bc560" ON public.role_mapping_rule USING btree (id)
public	role_mapping_rule	UQ_b33ac896ad3099fc8de36fdc1c4	CREATE UNIQUE INDEX "UQ_b33ac896ad3099fc8de36fdc1c4" ON public.role_mapping_rule USING btree (type, "order")
public	role_mapping_rule_project	IDX_35a78869286c65d9330d02b88f	CREATE INDEX "IDX_35a78869286c65d9330d02b88f" ON public.role_mapping_rule_project USING btree ("projectId")
public	role_mapping_rule_project	PK_198c5b5aea509d139274efcaf9a	CREATE UNIQUE INDEX "PK_198c5b5aea509d139274efcaf9a" ON public.role_mapping_rule_project USING btree ("roleMappingRuleId", "projectId")
public	role_scope	IDX_role_scope_scopeSlug	CREATE INDEX "IDX_role_scope_scopeSlug" ON public.role_scope USING btree ("scopeSlug")
public	role_scope	PK_role_scope	CREATE UNIQUE INDEX "PK_role_scope" ON public.role_scope USING btree ("roleSlug", "scopeSlug")
public	scope	PK_bfc45df0481abd7f355d6187da1	CREATE UNIQUE INDEX "PK_bfc45df0481abd7f355d6187da1" ON public.scope USING btree (slug)
public	secrets_provider_connection	IDX_secrets_provider_connection_providerKey	CREATE UNIQUE INDEX "IDX_secrets_provider_connection_providerKey" ON public.secrets_provider_connection USING btree ("providerKey")
public	secrets_provider_connection	PK_4350ae85e76f9ba7df1370acb5d	CREATE UNIQUE INDEX "PK_4350ae85e76f9ba7df1370acb5d" ON public.secrets_provider_connection USING btree (id)
public	settings	PK_dc0fe14e6d9943f268e7b119f69ab8bd	CREATE UNIQUE INDEX "PK_dc0fe14e6d9943f268e7b119f69ab8bd" ON public.settings USING btree (key)
public	shared_credentials	PK_8ef3a59796a228913f251779cff	CREATE UNIQUE INDEX "PK_8ef3a59796a228913f251779cff" ON public.shared_credentials USING btree ("credentialsId", "projectId")
public	shared_workflow	IDX_shared_workflow_projectId	CREATE INDEX "IDX_shared_workflow_projectId" ON public.shared_workflow USING btree ("projectId")
public	shared_workflow	PK_5ba87620386b847201c9531c58f	CREATE UNIQUE INDEX "PK_5ba87620386b847201c9531c58f" ON public.shared_workflow USING btree ("workflowId", "projectId")
public	tag_entity	idx_812eb05f7451ca757fb98444ce	CREATE UNIQUE INDEX idx_812eb05f7451ca757fb98444ce ON public.tag_entity USING btree (name)
public	tag_entity	pk_tag_entity_id	CREATE UNIQUE INDEX pk_tag_entity_id ON public.tag_entity USING btree (id)
public	tag_entity	tag_entity_pkey	CREATE UNIQUE INDEX tag_entity_pkey ON public.tag_entity USING btree (id)
public	test_case_execution	IDX_8e4b4774db42f1e6dda3452b2a	CREATE INDEX "IDX_8e4b4774db42f1e6dda3452b2a" ON public.test_case_execution USING btree ("testRunId")
public	test_case_execution	PK_90c121f77a78a6580e94b794bce	CREATE UNIQUE INDEX "PK_90c121f77a78a6580e94b794bce" ON public.test_case_execution USING btree (id)
public	test_run	IDX_d6870d3b6e4c185d33926f423c	CREATE INDEX "IDX_d6870d3b6e4c185d33926f423c" ON public.test_run USING btree ("workflowId")
public	test_run	IDX_test_run_collectionId	CREATE INDEX "IDX_test_run_collectionId" ON public.test_run USING btree ("collectionId")
public	test_run	IDX_test_run_evaluationConfigId	CREATE INDEX "IDX_test_run_evaluationConfigId" ON public.test_run USING btree ("evaluationConfigId")
public	test_run	PK_011c050f566e9db509a0fadb9b9	CREATE UNIQUE INDEX "PK_011c050f566e9db509a0fadb9b9" ON public.test_run USING btree (id)
public	token_exchange_jti	PK_d8e8a6f737d530fdd2dd716e89c	CREATE UNIQUE INDEX "PK_d8e8a6f737d530fdd2dd716e89c" ON public.token_exchange_jti USING btree (jti)
public	trusted_key	PK_dc7d93798f3dbb6959f974c97e1	CREATE UNIQUE INDEX "PK_dc7d93798f3dbb6959f974c97e1" ON public.trusted_key USING btree ("sourceId", kid)
public	trusted_key_source	PK_99e8908ce2c2cdccce487db7fc6	CREATE UNIQUE INDEX "PK_99e8908ce2c2cdccce487db7fc6" ON public.trusted_key_source USING btree (id)
public	user	PK_ea8f538c94b6e352418254ed6474a81f	CREATE UNIQUE INDEX "PK_ea8f538c94b6e352418254ed6474a81f" ON public."user" USING btree (id)
public	user	UQ_e12875dfb3b1d92d7d7c5377e2	CREATE UNIQUE INDEX "UQ_e12875dfb3b1d92d7d7c5377e2" ON public."user" USING btree (email)
public	user	user_role_idx	CREATE INDEX user_role_idx ON public."user" USING btree ("roleSlug")
public	user_api_keys	IDX_1ef35bac35d20bdae979d917a3	CREATE UNIQUE INDEX "IDX_1ef35bac35d20bdae979d917a3" ON public.user_api_keys USING btree ("apiKey")
public	user_api_keys	IDX_63d7bbae72c767cf162d459fcc	CREATE UNIQUE INDEX "IDX_63d7bbae72c767cf162d459fcc" ON public.user_api_keys USING btree ("userId", label)
public	user_api_keys	PK_978fa5caa3468f463dac9d92e69	CREATE UNIQUE INDEX "PK_978fa5caa3468f463dac9d92e69" ON public.user_api_keys USING btree (id)
public	user_favorites	IDX_1d11050a381548c42c32cc25c4	CREATE INDEX "IDX_1d11050a381548c42c32cc25c4" ON public.user_favorites USING btree ("resourceType", "resourceId")
public	user_favorites	IDX_1dd5c393ad0517be3c31a7af83	CREATE INDEX "IDX_1dd5c393ad0517be3c31a7af83" ON public.user_favorites USING btree ("userId")
public	user_favorites	PK_6c472a19a7423cfbbf6b7c75939	CREATE UNIQUE INDEX "PK_6c472a19a7423cfbbf6b7c75939" ON public.user_favorites USING btree (id)
public	user_favorites	UQ_cf6ae658ead9ffc124723413c65	CREATE UNIQUE INDEX "UQ_cf6ae658ead9ffc124723413c65" ON public.user_favorites USING btree ("userId", "resourceId", "resourceType")
public	variables	variables_global_key_unique	CREATE UNIQUE INDEX variables_global_key_unique ON public.variables USING btree (key) WHERE ("projectId" IS NULL)
public	variables	variables_pkey	CREATE UNIQUE INDEX variables_pkey ON public.variables USING btree (id)
public	variables	variables_project_key_unique	CREATE UNIQUE INDEX variables_project_key_unique ON public.variables USING btree ("projectId", key) WHERE ("projectId" IS NOT NULL)
public	webhook_entity	PK_b21ace2e13596ccd87dc9bf4ea6	CREATE UNIQUE INDEX "PK_b21ace2e13596ccd87dc9bf4ea6" ON public.webhook_entity USING btree ("webhookPath", method)
public	webhook_entity	idx_16f4436789e804e3e1c9eeb240	CREATE INDEX idx_16f4436789e804e3e1c9eeb240 ON public.webhook_entity USING btree ("webhookId", method, "pathLength")
public	workflow_builder_session	PK_e69ef0d385986e273423b0e8695	CREATE UNIQUE INDEX "PK_e69ef0d385986e273423b0e8695" ON public.workflow_builder_session USING btree (id)
public	workflow_builder_session	UQ_ec2aa73632932d485a1d5192ce1	CREATE UNIQUE INDEX "UQ_ec2aa73632932d485a1d5192ce1" ON public.workflow_builder_session USING btree ("workflowId", "userId")
public	workflow_dependency	IDX_a4ff2d9b9628ea988fa9e7d0bf	CREATE INDEX "IDX_a4ff2d9b9628ea988fa9e7d0bf" ON public.workflow_dependency USING btree ("workflowId")
public	workflow_dependency	IDX_e48a201071ab85d9d09119d640	CREATE INDEX "IDX_e48a201071ab85d9d09119d640" ON public.workflow_dependency USING btree ("dependencyKey")
public	workflow_dependency	IDX_e7fe1cfda990c14a445937d0b9	CREATE INDEX "IDX_e7fe1cfda990c14a445937d0b9" ON public.workflow_dependency USING btree ("dependencyType")
public	workflow_dependency	IDX_workflow_dependency_publishedVersionId	CREATE INDEX "IDX_workflow_dependency_publishedVersionId" ON public.workflow_dependency USING btree ("publishedVersionId")
public	workflow_dependency	PK_52325e34cd7a2f0f67b0f3cad65	CREATE UNIQUE INDEX "PK_52325e34cd7a2f0f67b0f3cad65" ON public.workflow_dependency USING btree (id)
public	workflow_entity	IDX_workflow_entity_name	CREATE INDEX "IDX_workflow_entity_name" ON public.workflow_entity USING btree (name)
public	workflow_entity	IDX_workflow_entity_sourceWorkflowId	CREATE INDEX "IDX_workflow_entity_sourceWorkflowId" ON public.workflow_entity USING btree ("sourceWorkflowId") WHERE ("sourceWorkflowId" IS NOT NULL)
public	workflow_entity	pk_workflow_entity_id	CREATE UNIQUE INDEX pk_workflow_entity_id ON public.workflow_entity USING btree (id)
public	workflow_entity	workflow_entity_pkey	CREATE UNIQUE INDEX workflow_entity_pkey ON public.workflow_entity USING btree (id)
public	workflow_history	IDX_1e31657f5fe46816c34be7c1b4	CREATE INDEX "IDX_1e31657f5fe46816c34be7c1b4" ON public.workflow_history USING btree ("workflowId")
public	workflow_history	PK_b6572dd6173e4cd06fe79937b58	CREATE UNIQUE INDEX "PK_b6572dd6173e4cd06fe79937b58" ON public.workflow_history USING btree ("versionId")
public	workflow_publication_outbox	IDX_workflow_publication_outbox_pending_workflow	CREATE UNIQUE INDEX "IDX_workflow_publication_outbox_pending_workflow" ON public.workflow_publication_outbox USING btree ("workflowId") WHERE ((status)::text = 'pending'::text)
public	workflow_publication_outbox	PK_b3e2eeee36a4bd044d56468d311	CREATE UNIQUE INDEX "PK_b3e2eeee36a4bd044d56468d311" ON public.workflow_publication_outbox USING btree (id)
public	workflow_publish_history	IDX_070b5de842ece9ccdda0d9738b	CREATE INDEX "IDX_070b5de842ece9ccdda0d9738b" ON public.workflow_publish_history USING btree ("workflowId", "versionId")
public	workflow_publish_history	PK_c788f7caf88e91e365c97d6d04a	CREATE UNIQUE INDEX "PK_c788f7caf88e91e365c97d6d04a" ON public.workflow_publish_history USING btree (id)
public	workflow_published_version	PK_5c76fb7ee939fe2530374d3f75a	CREATE UNIQUE INDEX "PK_5c76fb7ee939fe2530374d3f75a" ON public.workflow_published_version USING btree ("workflowId")
public	workflow_statistics	IDX_workflow_statistics_workflow_name	CREATE UNIQUE INDEX "IDX_workflow_statistics_workflow_name" ON public.workflow_statistics USING btree ("workflowId", name)
public	workflow_statistics	workflow_statistics_pkey	CREATE UNIQUE INDEX workflow_statistics_pkey ON public.workflow_statistics USING btree (id)
public	workflows_tags	idx_workflows_tags_workflow_id	CREATE INDEX idx_workflows_tags_workflow_id ON public.workflows_tags USING btree ("workflowId")
public	workflows_tags	pk_workflows_tags	CREATE UNIQUE INDEX pk_workflows_tags ON public.workflows_tags USING btree ("workflowId", "tagId")
(261 rows)
